wishlistID,userID,movieTitle
1,42,Calibre
2,32,First They Killed My Father
3,20,Us and Them
4,39,Up in Smoke
5,44,Final Destination
6,16,Kill the Messenger
7,41,Operation Odessa
8,45,The American Meme
9,39,Outlaw King
10,19,21
11,42,Holding the Man
12,26,Krisha
13,46,De Palma
14,12,Dear Ex
15,20,Tomorrow Never Dies
16,23,Veronica
17,30,The Cakemaker
18,46,Instructions Not Included
19,10,Bleed for This
20,29,Girl
21,11,The Naked Gun 2Â½: The Smell of Fear
22,46,Bareilly's Barfi
23,6,The Sky Is Pink
24,8,Chitty Chitty Bang Bang
25,3,A Wednesday!
26,7,Jodhaa Akbar
27,23,Handsome Devil
28,22,Love  Rosie
29,28,Oceans
30,50,The Ritual
31,4,Super Dark Times
32,23,Tallulah
33,4,Other People
34,13,Alpha Dog
35,7,Spectral
36,42,The Babysitter
37,17,Extremely Wicked  Shockingly Evil and Vile
38,13,Heneral Luna
39,18,Click
40,9,The Duchess
41,42,The Last Man on the Moon
42,42,The 24 Hour War
43,20,Mune: Guardian of the Moon
44,36,The Devil We Know
45,10,How the Grinch Stole Christmas
46,48,LA Originals
47,25,Whisky
48,28,The Sapphires
49,9,Bloodsport
50,39,Tinker Bell and the Legend of the NeverBeast
51,2,Get Me Roger Stone
52,10,Alex Strangelove
53,5,She's Out of My League
54,41,Sarah's Key
55,33,My Happy Family
56,43,Killing Them Softly
57,13,Ittefaq
58,14,6 Underground
59,18,The Accountant of Auschwitz
60,22,Echo in the Canyon
61,15,Hold the Dark
62,37,Suffragette
63,29,The Siege of Jadotville
64,41,Terminator Salvation
65,13,Hotel Transylvania 3: Summer Vacation
66,50,Filmworker
67,30,Our Souls at Night
68,38,Mine 9
69,42,Everybody Knows
70,19,Retribution
71,5,Ice Guardians
72,44,Tinker Bell and the Pirate Fairy
73,1,The World Is Not Enough
74,29,Suite FranÃ§aise
75,9,Period. End of Sentence.
76,25,Beyond the Mat
77,21,Next Gen
78,34,Cam
79,32,Divines
80,19,Shirkers
81,43,Underworld: Evolution
82,30,Om Shanti Om
83,29,How to Change the World
84,16,Spitfire
85,30,You Are My Sunday
86,21,Dear Zindagi
87,4,Uncorked
88,33,The Water Diviner
89,30,Gaga: Five Foot Two
90,30,Austin Powers in Goldmember
91,24,He Never Died
92,20,Black Sea
93,10,Ali's Wedding
94,9,Event Horizon
95,46,Mississippi Grind
96,30,They'll Love Me When I'm Dead
97,7,Kai Po Che!
98,5,Badla
99,13,Young Adult
100,3,ZZ Top: That Little Ol' Band From Texas
101,22,Scary Movie
102,18,The Dirt
103,26,Killer Klowns from Outer Space
104,49,The Exception
105,19,Spenser Confidential
106,32,Wheelman
107,6,While We're Young
108,1,Die Another Day
109,29,The Grandmaster
110,19,Bathtubs Over Broadway
111,34,Cadillac Records
112,49,I am Divine
113,27,King Jack
114,1,The Runaways
115,12,2012
116,50,The Half of It
117,13,Tigertail
118,39,Sleeping with Other People
119,13,What Lies Beneath
120,17,Fractured
121,11,Master Z: Ip Man Legacy
122,38,Neruda
123,13,One Day
124,38,Just Friends
125,46,AÅ›oka
126,1,Harold and Lillian: A Hollywood Love Story
127,19,The Grinch
128,20,Qarib Qarib Singlle
